[{"node js introduction":[{"chapter":"node js introduction","chapterid":"0","content":"data","video":"","reference":"https://www.w3schools.com/html/","topic":"introduction","id":""},{"chapter":"node js introduction","chapterid":"0","content":"data fetched","video":"","reference":"https://www.google.com/","topic":"callback","id":""},{"chapter":"node js introduction","chapterid":"0","content":"d","video":"","reference":"","topic":"introduction","id":""},{"chapter":"node js introduction","chapterid":"0","content":"data","video":"","reference":"","topic":"introduccallback","id":""}]}]